<?xml version="1.0" encoding="UTF-8"?>
<project-private xmlns="http://www.netbeans.org/ns/project-private/1">
    <editor-bookmarks xmlns="http://www.netbeans.org/ns/editor-bookmarks/2" lastBookmarkId="0"/>
    <open-files xmlns="http://www.netbeans.org/ns/projectui-open-files/2">
        <group>
            <file>file:/C:/xampp/htdocs/480/view/v_landing.php</file>
            <file>file:/C:/xampp/htdocs/480/model/Record.php</file>
            <file>file:/C:/xampp/htdocs/480/model/Cash_record.php</file>
            <file>file:/C:/xampp/htdocs/480/view/v_create_user.php</file>
            <file>file:/C:/xampp/htdocs/480/view/v_lots.php</file>
            <file>file:/C:/xampp/htdocs/480/view/v_records.php</file>
            <file>file:/C:/xampp/htdocs/480/controller/c_remove_funds.php</file>
            <file>file:/C:/xampp/htdocs/480/utility/connect.php</file>
            <file>file:/C:/xampp/htdocs/480/model/Stock_fetcher.php</file>
            <file>file:/C:/xampp/htdocs/480/model/User.php</file>
            <file>file:/C:/xampp/htdocs/480/model/Sale_record.php</file>
            <file>file:/C:/xampp/htdocs/480/controller/c_download_records.php</file>
            <file>file:/C:/xampp/htdocs/480/controller/c_remove_stock.php</file>
            <file>file:/C:/xampp/htdocs/480/index.php</file>
            <file>file:/C:/xampp/htdocs/480/controller/c_add_stock.php</file>
            <file>file:/C:/xampp/htdocs/480/controller/c_login.php</file>
            <file>file:/C:/xampp/htdocs/480/model/Portfolio.php</file>
            <file>file:/C:/xampp/htdocs/480/model/Purchase_record.php</file>
            <file>file:/C:/xampp/htdocs/480/view/v_portfolio.php</file>
            <file>file:/C:/xampp/htdocs/480/model/Lot.php</file>
            <file>file:/C:/xampp/htdocs/480/model/Stock.php</file>
        </group>
    </open-files>
</project-private>
